initial_equity,final_equity,total_return,max_drawdown,volatility_per_bar,sharpe_annualized_m1,trades,turnover,strategy,costs,bars,start,end,seed
100000,100000,0,0,0,0,0,0,always_flat,without_costs,1018441,2023-02-02 13:00:00,2026-01-30 23:59:00,42
100000,100000,0,0,0,0,0,0,always_flat,with_costs,1018441,2023-02-02 13:00:00,2026-01-30 23:59:00,42
100000,102936.969971,0.029369699707,-0.00866644154493,1.08252180371e-05,1.58489749316,1,1,always_long,without_costs,1018441,2023-02-02 13:00:00,2026-01-30 23:59:00,42
100000,102935.993716,0.029359937157,-0.00866652317987,1.08253217863e-05,1.58489758552,1,1,always_long,with_costs,1018441,2023-02-02 13:00:00,2026-01-30 23:59:00,42
100000,98478.0366211,-0.0152196337891,-0.0185928835272,9.75747648032e-06,-0.92674892285,679437,905890,random,without_costs,1018441,2023-02-02 13:00:00,2026-01-30 23:59:00,42
100000,-1085544.85022,-11.8554485022,-11.8556645436,0.00593615098649,0.999564681476,679437,905890,random,with_costs,1018441,2023-02-02 13:00:00,2026-01-30 23:59:00,42
100000,93737.2111816,-0.0626278881836,-0.0634438864799,1.15673114437e-05,-3.30363327169,530395,1031529,momentum,without_costs,1018441,2023-02-02 13:00:00,2026-01-30 23:59:00,42
100000,-1254326.91671,-13.5432691671,-13.5432926789,0.0924253901523,-0.57725049369,530395,1031529,momentum,with_costs,1018441,2023-02-02 13:00:00,2026-01-30 23:59:00,42
100000,99313.840332,-0.00686159667969,-0.0128895537703,1.10759503511e-05,-0.364352654139,37477,74953,ema_crossover,without_costs,1018441,2023-02-02 13:00:00,2026-01-30 23:59:00,42
100000,1557.39013305,-0.98442609867,-0.98721038715,0.000329153607832,-7.3799376558,37477,74953,ema_crossover,with_costs,1018441,2023-02-02 13:00:00,2026-01-30 23:59:00,42
