run_id,scope,fold,strategy,start,end,selected_timesteps,steps,initial_equity,final_equity,pnl,total_return,max_drawdown,reward_sum,mean_return_per_bar,volatility_per_bar,sharpe_per_bar,explicit_costs,orders,turnover,short_share,flat_share,long_share
phase8_initial_20260930,fold,1,ppo,2021-05-31 01:30:00,2021-11-30 11:15:00,225000,11701,100000,95160.011879210491,-4839.9881207895087,-0.048399881207895068,-0.048399881207895068,-0.049608962104904619,-4.2397198619694574e-06,1.4955084911569563e-05,-0.28349687661683032,3506.4884741027863,4733,5562,0.1428083069823092,0.32125459362447656,0.53593709939321421
phase8_initial_20260930,fold,1,always_flat,2021-05-31 01:30:00,2021-11-30 11:15:00,,11701,100000,100000,0,0,0,0,0,0,0,0,0,0,0,1,0
phase8_initial_20260930,fold,1,always_long,2021-05-31 01:30:00,2021-11-30 11:15:00,,11701,100000,99887.081806640621,-112.91819335937907,-0.0011291819335937925,-0.0021664532870968589,-0.0011282599694210083,-9.6424234631314268e-08,1.632918310981386e-05,-0.005905025008468622,1.2936874999999999,2,2,0,0,1
phase8_initial_20260930,fold,1,random,2021-05-31 01:30:00,2021-11-30 11:15:00,,11701,100000,90801.019472471802,-9198.9805275281979,-0.091989805275281999,-0.091989805275281999,-0.09649796808425426,-8.2469847093628125e-06,1.4945804607254043e-05,-0.55179262181442446,6586.213481085204,7844,10446,0.33826168703529613,0.33099735065379027,0.3307409623109136
phase8_initial_20260930,fold,1,momentum,2021-05-31 01:30:00,2021-11-30 11:15:00,,11701,100000,88921.153173888495,-11078.846826111505,-0.1107884682611151,-0.1107884682611151,-0.11741728757033942,-1.0034807928411197e-05,1.9618696920088338e-05,-0.51149207153183407,7619.1189135314999,6101,12082,0.50047004529527395,0.0052132296384924367,0.49431672506623364
phase8_initial_20260930,fold,1,ema_crossover,2021-05-31 01:30:00,2021-11-30 11:15:00,,11701,100000,99280.689448974459,-719.31055102554092,-0.0071931055102554264,-0.0084253933389549784,-0.0072174682483030494,-6.1682490798248431e-07,1.6693288085353195e-05,-0.036950474036549497,517.77800583496082,412,822,0.50106828476198617,0,0.49893171523801383
phase8_initial_20260930,fold,2,ppo,2021-11-30 11:30:00,2022-05-30 11:15:00,75000,11355,95160.011879210491,92375.306367735728,-2784.7055114747636,-0.029263400208582091,-0.029355097222908633,-0.029698601026360016,-2.6154646434487025e-06,1.6116603865760381e-05,-0.16228385739536852,1835.7291119384756,2571,2806,0.45601056803170409,0.34222809335094673,0.20176133861734918
phase8_initial_20260930,fold,2,always_flat,2021-11-30 11:30:00,2022-05-30 11:15:00,,11355,100000,100000,0,0,0,0,0,0,0,0,0,0,0,1,0
phase8_initial_20260930,fold,2,always_long,2021-11-30 11:30:00,2022-05-30 11:15:00,,11355,99887.081806640621,99948.564500244131,61.482693603509688,0.00061552197232606076,-0.0027597905737819506,0.0006173427676822163,5.4367482842995711e-08,1.881710076925188e-05,0.0028892592705798228,1.2791554931640627,2,2,0,0,1
phase8_initial_20260930,fold,2,random,2021-11-30 11:30:00,2022-05-30 11:15:00,,11355,90801.019472471802,80869.416193479294,-9931.6032789925084,-0.10937766268145788,-0.10937766268145788,-0.11583191673717719,-1.0200961403538281e-05,2.0117768536774782e-05,-0.50706227109091029,6708.6907157043534,7676,10266,0.331924262439454,0.32963452223690004,0.33844121532364596
phase8_initial_20260930,fold,2,momentum,2021-11-30 11:30:00,2022-05-30 11:15:00,,11355,88921.153173888495,77800.016238829339,-11121.136935059156,-0.12506739440627113,-0.12507785845569674,-0.13360400301650799,-1.1766094497270628e-05,2.5282105247375257e-05,-0.46539219666021142,7674.6261768066852,5914,11754,0.49379128137384415,0.0031704095112285338,0.50303830911492731
phase8_initial_20260930,fold,2,ema_crossover,2021-11-30 11:30:00,2022-05-30 11:15:00,,11355,99280.689448974459,98688.567605224322,-592.12184375013749,-0.0059641189745610612,-0.0065072080434075419,-0.0059798438442808521,-5.2662649443248363e-07,1.9369759244834016e-05,-0.027188076412097729,521.42396249999945,400,798,0.47582562747688245,0,0.5241743725231176
phase8_initial_20260930,fold,3,ppo,2022-05-30 11:30:00,2022-11-30 11:15:00,225000,11765,92375.306367735728,89041.517578489496,-3333.7887892462313,-0.036089610095308311,-0.036140804049363706,-0.036755346217391294,-3.1241263253201268e-06,1.6188994537534393e-05,-0.19297840382099082,2377.2045084289548,3134,3912,0.31891202719931999,0.25592860178495536,0.4251593710157246
phase8_initial_20260930,fold,3,always_flat,2022-05-30 11:30:00,2022-11-30 11:15:00,,11765,100000,100000,0,0,0,0,0,0,0,0,0,0,0,1,0
phase8_initial_20260930,fold,3,always_long,2022-05-30 11:30:00,2022-11-30 11:15:00,,11765,99948.564500244131,99849.525064819332,-99.039435424798285,-0.0009909040306882444,-0.0026038710790629027,-0.00098974845199584216,-8.4126515256765171e-08,1.6732452829486807e-05,-0.0050277455501630342,1.2666184692382814,2,2,0,0,1
phase8_initial_20260930,fold,3,random,2022-05-30 11:30:00,2022-11-30 11:15:00,,11765,80869.416193479294,72062.377169491985,-8807.0390239873086,-0.10890444668125898,-0.10894479114821531,-0.11530062586497447,-9.8003081908180596e-06,2.0298638015853604e-05,-0.48280619533014191,6290.6561864196492,7792,10350,0.33191670208244795,0.33157671058223542,0.33650658733531663
phase8_initial_20260930,fold,3,momentum,2022-05-30 11:30:00,2022-11-30 11:15:00,,11765,77800.016238829339,67533.860911801385,-10266.155327027955,-0.13195569645529459,-0.13200748940240792,-0.14150772125016264,-1.2027855609873577e-05,2.5921832125620008e-05,-0.46400484161710814,7333.8152718872025,6070,12056,0.5059073523161921,0.0034849128771780704,0.49060773480662984
phase8_initial_20260930,fold,3,ema_crossover,2022-05-30 11:30:00,2022-11-30 11:15:00,,11765,98688.567605224322,97833.139224120867,-855.42838110345474,-0.0086679582231383723,-0.0092427704012708611,-0.0087039767725074491,-7.3981953017487875e-07,1.7314987621792044e-05,-0.042727118628936675,527.16966657714829,434,866,0.55427114322141946,0,0.44572885677858054
phase8_initial_20260930,fold,4,ppo,2022-11-30 11:30:00,2023-05-30 11:15:00,251904,11312,89041.517578489496,83839.10900842151,-5202.4085700679861,-0.058426773392334597,-0.058426773392334597,-0.06020132822780333,-5.3218995958100542e-06,1.717846355577539e-05,-0.30980067446257931,3693.079944360356,4464,5534,0.38764144271570017,0.42547736916548795,0.18688118811881188
phase8_initial_20260930,fold,4,always_flat,2022-11-30 11:30:00,2023-05-30 11:15:00,,11312,100000,100000,0,0,0,0,0,0,0,0,0,0,0,1,0
phase8_initial_20260930,fold,4,always_long,2022-11-30 11:30:00,2023-05-30 11:15:00,,11312,99849.525064819332,100029.92303979491,180.39797497558175,0.0018066983779689849,-0.0015159840672436253,0.0018070215278508384,1.5974377014240084e-07,1.8583572594555322e-05,0.0085959666436368157,1.2964175170898438,2,2,0,0,1
phase8_initial_20260930,fold,4,random,2022-11-30 11:30:00,2023-05-30 11:15:00,,11312,72062.377169491985,62516.910779170867,-9545.4663903211185,-0.13246116441412992,-0.13246116441412992,-0.14209059579543692,-1.2561049840473561e-05,2.4921957188349247e-05,-0.50401538472852048,6727.6934776184271,7553,10076,0.33309759547383311,0.32876591230551627,0.33813649222065062
phase8_initial_20260930,fold,4,momentum,2022-11-30 11:30:00,2023-05-30 11:15:00,,11312,67533.860911801385,56490.786717830888,-11043.074193970497,-0.16351907095009199,-0.16351907095009199,-0.1785436855562601,-1.5783564847618468e-05,3.3803679290434694e-05,-0.46691854788968745,7757.904303942888,5852,11608,0.49725954738330974,0.0041548797736916552,0.49858557284299859
phase8_initial_20260930,fold,4,ema_crossover,2022-11-30 11:30:00,2023-05-30 11:15:00,,11312,97833.139224120867,96978.529922118949,-854.60930200191797,-0.0087353764662926325,-0.0090458537087089175,-0.0087716145254999045,-7.7542561222594632e-07,1.9432367288948028e-05,-0.039903816179254814,536.70341569824245,403,804,0.46835219236209336,0,0.53164780763790664
phase8_initial_20260930,aggregate,0,ppo,2021-05-31 01:30:00,2023-05-30 11:15:00,,46133,100000,83839.10900842151,-16160.89099157849,-0.16160890991578492,-0.16160890991578492,-0.17626423757645926,-3.8207842016877125e-06,1.6152960046610248e-05,-0.23653771139547372,11412.502038830571,14902,17814,0.3248433875967312,0.3353131164242516,0.3398434959790172
phase8_initial_20260930,aggregate,0,always_flat,2021-05-31 01:30:00,2023-05-30 11:15:00,,46133,100000,100000,0,0,0,0,0,0,0,0,0,0,0,1,0
phase8_initial_20260930,aggregate,0,always_long,2021-05-31 01:30:00,2023-05-30 11:15:00,,46133,100000,100029.92303979491,29.923039794914075,0.0002992303979492128,-0.0045284482754462951,0.00030635587411620424,6.6407099931980193e-09,1.7631077469348032e-05,0.00037664799583253045,5.1358789794921877,8,8,0,0,1
phase8_initial_20260930,aggregate,0,random,2021-05-31 01:30:00,2023-05-30 11:15:00,,46133,100000,62516.910779170867,-37483.089220829133,-0.37483089220829136,-0.37483089220829136,-0.46972110648184284,-1.0181889460512926e-05,2.039601459774154e-05,-0.49920975549999713,26313.253860827634,30865,41138,0.33381744087746301,0.33026250189668999,0.335920057225847
phase8_initial_20260930,aggregate,0,momentum,2021-05-31 01:30:00,2023-05-30 11:15:00,,46133,100000,56490.786717830888,-43509.213282169112,-0.43509213282169112,-0.43509213282169112,-0.57107269739327016,-1.2378832883039693e-05,2.6661131534007882e-05,-0.46430260723367067,30385.464666168275,23937,47500,0.49942557388420439,0.0040101445819695231,0.49656428153382609
phase8_initial_20260930,aggregate,0,ema_crossover,2021-05-31 01:30:00,2023-05-30 11:15:00,,46133,100000,96978.529922118949,-3021.4700778810511,-0.030214700778810499,-0.030744244267148946,-0.030672903390591255,-6.6487987754083312e-07,1.822269330171842e-05,-0.036486367110076655,2103.0750506103514,1649,3290,0.50040101445819696,0,0.49959898554180304
